{
  "High": {
    "precision": 0.6041666666666666,
    "recall": 0.5403726708074534,
    "f1-score": 0.5704918032786885,
    "support": 161.0
  },
  "Low": {
    "precision": 0.42857142857142855,
    "recall": 0.07894736842105263,
    "f1-score": 0.13333333333333333,
    "support": 38.0
  },
  "Medium": {
    "precision": 0.8459343794579173,
    "recall": 0.9081163859111792,
    "f1-score": 0.8759231905465288,
    "support": 653.0
  },
  "accuracy": 0.8016431924882629,
  "macro avg": {
    "precision": 0.6262241582320042,
    "recall": 0.5091454750465617,
    "f1-score": 0.5265827757195168,
    "support": 852.0
  },
  "weighted avg": {
    "precision": 0.7816334476585299,
    "recall": 0.8016431924882629,
    "f1-score": 0.7850864911049517,
    "support": 852.0
  }
}
